Machine,Core,Instance,Hubs,Alternatives,Origins,Destins,tolError,logSum,Time Limit,Elapse Time,Best Time,Best Trial,Best Demand,selectedHub0,selectedHub1,selectedHub2,selectedHub3,selectedHub4,selectedHub5,selectedHub6,selectedHub7,selectedHub8,selectedHub9,selectedHub10,selectedHub11,selectedHub12,selectedHub13,selectedHub14,selectedHub15,selectedHub16,selectedHub17,selectedHub18,selectedHub19,selectedHub20,selectedHub21,selectedHub22,selectedHub23,selectedHub24,selectedHub25,selectedHub26,selectedHub27,selectedHub28,selectedHub29,selectedHub30,selectedHub31,selectedHub32,selectedHub33,selectedHub34,selectedHub35,selectedHub36,selectedHub37,selectedHub38,selectedHub39,selectedHub40,selectedHub41,selectedHub42,selectedHub43,selectedHub44,selectedHub45,selectedHub46,selectedHub47,selectedHub48,selectedHub49,selectedHub50,selectedHub51,selectedHub52,selectedHub53,selectedHub54,selectedHub55,selectedHub56,selectedHub57,selectedHub58,selectedHub59
r350.ib.bridges2.psc.edu,0,7,60,120,400,3,1e-07,0.5,3600,3600.177856683731,898.1737627983093,6867,8130.502008621947,3,6,8,11,17,18,19,20,21,22,23,25,26,27,28,38,44,45,52,54,55,58,61,62,66,69,71,77,82,91,98,99,100,103,107,108,123,125,127,128,130,131,132,134,135,140,141,142,143,145,147,148,151,152,156,157,159,162,168,169
r350.ib.bridges2.psc.edu,1,7,60,120,400,3,1e-07,0.5,3600,3600.1034598350525,3451.6020839214325,28330,8047.661698478558,3,6,8,11,17,18,19,20,21,22,23,25,26,27,28,38,43,44,45,52,54,55,58,61,62,63,66,69,71,77,78,82,98,100,103,107,108,122,125,127,128,130,131,132,140,141,142,143,145,147,148,151,152,156,157,159,162,167,169,170
r350.ib.bridges2.psc.edu,2,7,60,120,400,3,1e-07,0.5,3600,3600.1177854537964,1349.1697459220886,10874,8040.432187741662,3,6,8,11,17,18,19,20,21,22,23,25,28,29,42,43,44,52,54,55,58,61,62,63,66,69,71,77,78,82,92,98,100,103,107,108,123,125,127,128,130,131,132,140,141,142,143,145,147,148,151,152,156,157,159,162,164,167,169,170
r350.ib.bridges2.psc.edu,3,7,60,120,400,3,1e-07,0.5,3600,3600.0802190303802,2974.8547542095184,24858,8040.595883093957,3,6,8,11,17,18,19,20,21,22,23,25,28,29,42,43,44,52,54,55,58,61,62,63,66,69,71,77,78,82,92,98,100,103,107,108,122,125,127,128,130,131,132,140,141,142,143,145,147,148,151,152,156,157,159,162,164,167,169,170
r350.ib.bridges2.psc.edu,4,7,60,120,400,3,1e-07,0.5,3600,3600.016926765442,856.4435489177704,6670,8133.00003234004,3,6,8,11,17,18,19,20,21,22,23,26,27,28,38,44,45,52,54,55,58,61,62,63,66,69,71,77,82,91,98,99,100,103,107,108,123,125,127,128,130,131,132,134,135,140,141,142,143,145,147,148,151,152,156,157,159,162,168,169
r350.ib.bridges2.psc.edu,5,7,60,120,400,3,1e-07,0.5,3600,3600.0436255931854,2102.471441745758,17551,8133.00003234004,3,6,8,11,17,18,19,20,21,22,23,26,27,28,38,44,45,52,54,55,58,61,62,63,66,69,71,77,82,91,98,99,100,103,107,108,123,125,127,128,130,131,132,134,135,140,141,142,143,145,147,148,151,152,156,157,159,162,168,169
r350.ib.bridges2.psc.edu,6,7,60,120,400,3,1e-07,0.5,3600,3600.037897825241,3208.8522593975067,26492,8132.065813384956,3,6,8,11,17,18,19,20,21,22,25,26,27,28,38,44,45,52,54,55,58,61,62,63,66,69,71,77,82,91,98,99,100,103,107,108,122,125,127,128,130,131,132,134,135,140,141,142,143,145,147,148,151,152,156,157,159,162,168,169
r350.ib.bridges2.psc.edu,7,7,60,120,400,3,1e-07,0.5,3600,3600.003942966461,2585.716260433197,21269,8139.612018856161,3,6,8,11,17,18,19,20,21,22,23,28,29,42,43,44,52,54,55,58,61,62,63,66,69,71,77,82,91,98,99,100,103,107,108,122,125,127,128,130,131,132,134,135,140,141,142,143,145,147,148,151,152,156,157,159,162,164,168,169
r350.ib.bridges2.psc.edu,8,7,60,120,400,3,1e-07,0.5,3600,3600.1397120952606,3087.12309217453,25665,8141.371390882543,3,6,8,11,17,18,19,20,21,22,23,25,28,42,44,52,54,55,58,61,62,63,66,69,71,77,78,82,91,98,99,100,103,107,108,122,125,127,128,130,131,132,134,135,140,141,142,143,145,147,148,151,152,156,157,159,162,164,168,169
r350.ib.bridges2.psc.edu,9,7,60,120,400,3,1e-07,0.5,3600,3600.161414861679,2301.2924847602844,18833,8132.065813384955,3,6,8,11,17,18,19,20,21,22,25,26,27,28,38,44,45,52,54,55,58,61,62,63,66,69,71,77,82,91,98,99,100,103,107,108,122,125,127,128,130,131,132,134,135,140,141,142,143,145,147,148,151,152,156,157,159,162,168,169
r350.ib.bridges2.psc.edu,10,7,60,120,400,3,1e-07,0.5,3600,3600.181741476059,1702.9611127376556,13779,8143.36073722656,3,6,8,11,17,18,19,20,21,22,23,24,28,42,44,52,54,55,58,61,62,63,66,69,71,77,78,82,91,98,99,100,103,107,108,122,125,127,128,130,131,132,134,135,140,141,142,143,145,147,148,151,152,156,157,159,162,164,168,169
r350.ib.bridges2.psc.edu,11,7,60,120,400,3,1e-07,0.5,3600,3600.112820148468,2497.06800532341,20314,8143.327061077257,3,6,8,11,17,18,19,20,21,22,23,28,42,43,44,52,54,55,58,61,62,63,66,69,71,77,78,82,91,98,99,100,103,107,108,122,125,127,128,130,131,132,134,135,140,141,142,143,145,147,148,151,152,156,157,159,162,164,168,169
r350.ib.bridges2.psc.edu,12,7,60,120,400,3,1e-07,0.5,3600,3600.131806373596,3064.1959381103516,25216,8133.204218723993,3,6,8,11,17,18,19,20,21,22,23,26,27,28,38,44,45,52,54,55,58,61,62,63,66,69,71,77,82,91,98,99,100,103,107,108,122,125,127,128,130,131,132,134,135,140,141,142,143,145,147,148,151,152,156,157,159,162,168,169
r350.ib.bridges2.psc.edu,13,7,60,120,400,3,1e-07,0.5,3600,3600.044450521469,1093.6645708084106,8337,8128.616513234132,3,6,8,11,17,18,19,20,21,22,25,26,27,28,38,44,45,52,54,55,58,61,62,66,69,71,77,82,91,98,99,100,103,107,108,123,125,127,128,130,131,132,134,135,140,141,142,143,145,147,148,151,152,156,157,159,162,164,168,169
r350.ib.bridges2.psc.edu,14,7,60,120,400,3,1e-07,0.5,3600,3600.029619216919,3275.586618900299,27245,8047.516444810972,3,6,8,11,17,18,19,20,21,22,23,25,26,27,28,38,44,45,52,54,55,58,61,62,63,66,69,71,77,78,82,98,100,103,107,108,122,125,127,128,130,131,132,140,141,142,143,145,147,148,151,152,156,157,159,162,164,167,169,170
r350.ib.bridges2.psc.edu,15,7,60,120,400,3,1e-07,0.5,3600,3600.0348205566406,3382.183267593384,27450,8131.861627001001,3,6,8,11,17,18,19,20,21,22,25,26,27,28,38,44,45,52,54,55,58,61,62,63,66,69,71,77,82,91,98,99,100,103,107,108,123,125,127,128,130,131,132,134,135,140,141,142,143,145,147,148,151,152,156,157,159,162,168,169
r350.ib.bridges2.psc.edu,16,7,60,120,400,3,1e-07,0.5,3600,3600.0911321640015,2303.37073636055,18403,8143.36073722656,3,6,8,11,17,18,19,20,21,22,23,24,28,42,44,52,54,55,58,61,62,63,66,69,71,77,78,82,91,98,99,100,103,107,108,122,125,127,128,130,131,132,134,135,140,141,142,143,145,147,148,151,152,156,157,159,162,164,168,169
r350.ib.bridges2.psc.edu,17,7,60,120,400,3,1e-07,0.5,3600,3600.0652446746826,3305.4065153598785,27241,8045.548852254025,3,6,8,11,17,18,19,20,21,22,25,26,27,28,38,43,44,45,52,54,55,58,61,62,63,66,69,71,77,78,82,98,100,103,107,108,122,125,127,128,130,131,132,140,141,142,143,145,147,148,151,152,156,157,159,162,164,167,169,170
r350.ib.bridges2.psc.edu,18,7,60,120,400,3,1e-07,0.5,3600,3600.049755334854,2715.755023956299,22062,8133.204218723991,3,6,8,11,17,18,19,20,21,22,23,26,27,28,38,44,45,52,54,55,58,61,62,63,66,69,71,77,82,91,98,99,100,103,107,108,122,125,127,128,130,131,132,134,135,140,141,142,143,145,147,148,151,152,156,157,159,162,168,169
r350.ib.bridges2.psc.edu,19,7,60,120,400,3,1e-07,0.5,3600,3600.1792991161346,2167.9151701927185,17308,8047.661698478559,3,6,8,11,17,18,19,20,21,22,23,25,26,27,28,38,43,44,45,52,54,55,58,61,62,63,66,69,71,77,78,82,98,100,103,107,108,122,125,127,128,130,131,132,140,141,142,143,145,147,148,151,152,156,157,159,162,167,169,170
r350.ib.bridges2.psc.edu,20,7,60,120,400,3,1e-07,0.5,3600,3600.0911269187927,1120.8926887512207,8549,8142.370190871139,3,6,8,11,16,17,18,19,20,21,22,23,28,42,44,52,54,55,58,61,62,63,66,69,71,77,78,82,91,98,99,100,103,107,108,122,125,127,128,130,131,132,134,135,140,141,142,143,145,147,148,151,152,156,157,159,162,164,168,169
r350.ib.bridges2.psc.edu,21,7,60,120,400,3,1e-07,0.5,3600,3600.070850610733,2459.892629146576,19817,8143.197888414614,3,6,8,11,17,18,19,20,21,22,23,24,28,42,44,52,54,55,58,61,62,63,66,69,71,77,78,82,91,98,99,100,103,107,108,123,125,127,128,130,131,132,134,135,140,141,142,143,145,147,148,151,152,156,157,159,162,164,168,169
r350.ib.bridges2.psc.edu,22,7,60,120,400,3,1e-07,0.5,3600,3600.0261600017548,733.760308265686,5335,8047.661698478558,3,6,8,11,17,18,19,20,21,22,23,25,26,27,28,38,43,44,45,52,54,55,58,61,62,63,66,69,71,77,78,82,98,100,103,107,108,122,125,127,128,130,131,132,140,141,142,143,145,147,148,151,152,156,157,159,162,167,169,170
r350.ib.bridges2.psc.edu,23,7,60,120,400,3,1e-07,0.5,3600,3600.0016510486603,3555.0636460781097,28469,8143.36073722656,3,6,8,11,17,18,19,20,21,22,23,24,28,42,44,52,54,55,58,61,62,63,66,69,71,77,78,82,91,98,99,100,103,107,108,122,125,127,128,130,131,132,134,135,140,141,142,143,145,147,148,151,152,156,157,159,162,164,168,169
r350.ib.bridges2.psc.edu,24,7,60,120,400,3,1e-07,0.5,3600,3600.099665403366,1667.4225668907166,12955,8040.595883093958,3,6,8,11,17,18,19,20,21,22,23,25,28,29,42,43,44,52,54,55,58,61,62,63,66,69,71,77,78,82,92,98,100,103,107,108,122,125,127,128,130,131,132,140,141,142,143,145,147,148,151,152,156,157,159,162,164,167,169,170
r350.ib.bridges2.psc.edu,25,7,60,120,400,3,1e-07,0.5,3600,3600.113186120987,1708.654904127121,13328,8132.065813384956,3,6,8,11,17,18,19,20,21,22,25,26,27,28,38,44,45,52,54,55,58,61,62,63,66,69,71,77,82,91,98,99,100,103,107,108,122,125,127,128,130,131,132,134,135,140,141,142,143,145,147,148,151,152,156,157,159,162,168,169
r350.ib.bridges2.psc.edu,26,7,60,120,400,3,1e-07,0.5,3600,3600.098044157028,1149.7562992572784,8773,8143.360737226561,3,6,8,11,17,18,19,20,21,22,23,24,28,42,44,52,54,55,58,61,62,63,66,69,71,77,78,82,91,98,99,100,103,107,108,122,125,127,128,130,131,132,134,135,140,141,142,143,145,147,148,151,152,156,157,159,162,164,168,169
r350.ib.bridges2.psc.edu,27,7,60,120,400,3,1e-07,0.5,3600,3600.1309580802917,1711.120664358139,13506,8133.204218723992,3,6,8,11,17,18,19,20,21,22,23,26,27,28,38,44,45,52,54,55,58,61,62,63,66,69,71,77,82,91,98,99,100,103,107,108,122,125,127,128,130,131,132,134,135,140,141,142,143,145,147,148,151,152,156,157,159,162,168,169
r350.ib.bridges2.psc.edu,28,7,60,120,400,3,1e-07,0.5,3600,3600.1555876731873,3063.547961473465,24869,8047.661698478557,3,6,8,11,17,18,19,20,21,22,23,25,26,27,28,38,43,44,45,52,54,55,58,61,62,63,66,69,71,77,78,82,98,100,103,107,108,122,125,127,128,130,131,132,140,141,142,143,145,147,148,151,152,156,157,159,162,167,169,170
r350.ib.bridges2.psc.edu,29,7,60,120,400,3,1e-07,0.5,3600,3600.0344297885895,2735.2824330329895,22072,8132.065813384955,3,6,8,11,17,18,19,20,21,22,25,26,27,28,38,44,45,52,54,55,58,61,62,63,66,69,71,77,82,91,98,99,100,103,107,108,122,125,127,128,130,131,132,134,135,140,141,142,143,145,147,148,151,152,156,157,159,162,168,169
r350.ib.bridges2.psc.edu,30,7,60,120,400,3,1e-07,0.5,3600,3600.1105988025665,1798.1629891395569,14398,8047.352749457501,3,6,8,11,17,18,19,20,21,22,23,25,26,27,28,38,44,45,52,54,55,58,61,62,63,66,69,71,77,78,82,98,100,103,107,108,123,125,127,128,130,131,132,140,141,142,143,145,147,148,151,152,156,157,159,162,164,167,169,170
r350.ib.bridges2.psc.edu,31,7,60,120,400,3,1e-07,0.5,3600,3600.110963344574,2579.904713153839,20963,8040.595883093958,3,6,8,11,17,18,19,20,21,22,23,25,28,29,42,43,44,52,54,55,58,61,62,63,66,69,71,77,78,82,92,98,100,103,107,108,122,125,127,128,130,131,132,140,141,142,143,145,147,148,151,152,156,157,159,162,164,167,169,170
r350.ib.bridges2.psc.edu,32,7,60,120,400,3,1e-07,0.5,3600,3600.0566697120667,818.8061044216156,6070,8047.661698478557,3,6,8,11,17,18,19,20,21,22,23,25,26,27,28,38,43,44,45,52,54,55,58,61,62,63,66,69,71,77,78,82,98,100,103,107,108,122,125,127,128,130,131,132,140,141,142,143,145,147,148,151,152,156,157,159,162,167,169,170
r350.ib.bridges2.psc.edu,33,7,60,120,400,3,1e-07,0.5,3600,3600.0641005039215,1970.5092144012451,15913,8045.897821505665,3,6,8,11,17,18,19,20,21,22,23,25,26,27,28,38,42,44,45,52,54,55,58,61,62,63,66,69,71,77,78,82,98,100,103,107,108,122,125,127,128,130,131,132,140,141,142,143,145,147,148,151,152,156,157,159,162,167,169,170
r350.ib.bridges2.psc.edu,34,7,60,120,400,3,1e-07,0.5,3600,3600.0620465278625,2534.5059897899628,20497,8142.364281675728,3,6,8,11,17,18,19,20,21,22,23,28,29,42,44,52,54,55,58,61,62,63,66,69,71,77,78,82,91,98,99,100,103,107,108,122,125,127,128,130,131,132,134,135,140,141,142,143,145,147,148,151,152,156,157,159,162,164,168,169
r350.ib.bridges2.psc.edu,35,7,60,120,400,3,1e-07,0.5,3600,3600.0272467136383,1640.2014026641846,13187,8045.920585416344,3,6,8,11,17,18,19,20,21,22,23,26,27,28,38,43,44,45,52,54,55,58,61,62,63,66,69,71,77,78,82,98,100,103,107,108,122,125,127,128,130,131,132,140,141,142,143,145,147,148,151,152,156,157,159,162,164,167,169,170
r350.ib.bridges2.psc.edu,36,7,60,120,400,3,1e-07,0.5,3600,3600.0720546245575,1249.6256318092346,9660,8047.661698478558,3,6,8,11,17,18,19,20,21,22,23,25,26,27,28,38,43,44,45,52,54,55,58,61,62,63,66,69,71,77,78,82,98,100,103,107,108,122,125,127,128,130,131,132,140,141,142,143,145,147,148,151,152,156,157,159,162,167,169,170
r350.ib.bridges2.psc.edu,37,7,60,120,400,3,1e-07,0.5,3600,3600.0893750190735,3122.6677548885345,25380,8131.963661030376,3,6,8,11,17,18,19,20,21,22,26,27,28,38,43,44,45,52,54,55,58,61,62,63,66,69,71,77,82,91,98,99,100,103,107,108,122,125,127,128,130,131,132,134,135,140,141,142,143,145,147,148,151,152,156,157,159,162,168,169
r350.ib.bridges2.psc.edu,38,7,60,120,400,3,1e-07,0.5,3600,3600.060717344284,1848.4055914878845,14882,8142.37019087114,3,6,8,11,16,17,18,19,20,21,22,23,28,42,44,52,54,55,58,61,62,63,66,69,71,77,78,82,91,98,99,100,103,107,108,122,125,127,128,130,131,132,134,135,140,141,142,143,145,147,148,151,152,156,157,159,162,164,168,169
r350.ib.bridges2.psc.edu,39,7,60,120,400,3,1e-07,0.5,3600,3600.131650686264,2011.7752873897552,15904,8040.595883093957,3,6,8,11,17,18,19,20,21,22,23,25,28,29,42,43,44,52,54,55,58,61,62,63,66,69,71,77,78,82,92,98,100,103,107,108,122,125,127,128,130,131,132,140,141,142,143,145,147,148,151,152,156,157,159,162,164,167,169,170
r350.ib.bridges2.psc.edu,40,7,60,120,400,3,1e-07,0.5,3600,3600.147560596466,2129.4263257980347,16675,8040.595883093958,3,6,8,11,17,18,19,20,21,22,23,25,28,29,42,43,44,52,54,55,58,61,62,63,66,69,71,77,78,82,92,98,100,103,107,108,122,125,127,128,130,131,132,140,141,142,143,145,147,148,151,152,156,157,159,162,164,167,169,170
r350.ib.bridges2.psc.edu,41,7,60,120,400,3,1e-07,0.5,3600,3600.1053338050842,1342.838052034378,10537,8047.661698478558,3,6,8,11,17,18,19,20,21,22,23,25,26,27,28,38,43,44,45,52,54,55,58,61,62,63,66,69,71,77,78,82,98,100,103,107,108,122,125,127,128,130,131,132,140,141,142,143,145,147,148,151,152,156,157,159,162,167,169,170
r350.ib.bridges2.psc.edu,42,7,60,120,400,3,1e-07,0.5,3600,3600.1280856132507,3081.25598859787,24762,8130.5020086219465,3,6,8,11,17,18,19,20,21,22,23,25,26,27,28,38,44,45,52,54,55,58,61,62,66,69,71,77,82,91,98,99,100,103,107,108,123,125,127,128,130,131,132,134,135,140,141,142,143,145,147,148,151,152,156,157,159,162,168,169
r350.ib.bridges2.psc.edu,43,7,60,120,400,3,1e-07,0.5,3600,3600.054662466049,1841.7898094654083,14748,8040.595883093957,3,6,8,11,17,18,19,20,21,22,23,25,28,29,42,43,44,52,54,55,58,61,62,63,66,69,71,77,78,82,92,98,100,103,107,108,122,125,127,128,130,131,132,140,141,142,143,145,147,148,151,152,156,157,159,162,164,167,169,170
r350.ib.bridges2.psc.edu,44,7,60,120,400,3,1e-07,0.5,3600,3600.0541455745697,1475.2841255664825,11730,8047.457920140135,3,6,8,11,17,18,19,20,21,22,23,25,26,27,28,38,43,44,45,52,54,55,58,61,62,63,66,69,71,77,78,82,98,100,103,107,108,123,125,127,128,130,131,132,140,141,142,143,145,147,148,151,152,156,157,159,162,167,169,170
r350.ib.bridges2.psc.edu,45,7,60,120,400,3,1e-07,0.5,3600,3600.1351070404053,2033.431042432785,16707,8143.327061077258,3,6,8,11,17,18,19,20,21,22,23,28,42,43,44,52,54,55,58,61,62,63,66,69,71,77,78,82,91,98,99,100,103,107,108,122,125,127,128,130,131,132,134,135,140,141,142,143,145,147,148,151,152,156,157,159,162,164,168,169
r350.ib.bridges2.psc.edu,46,7,60,120,400,3,1e-07,0.5,3600,3600.0993468761444,2023.4239177703857,16242,8143.3607372265615,3,6,8,11,17,18,19,20,21,22,23,24,28,42,44,52,54,55,58,61,62,63,66,69,71,77,78,82,91,98,99,100,103,107,108,122,125,127,128,130,131,132,134,135,140,141,142,143,145,147,148,151,152,156,157,159,162,164,168,169
r350.ib.bridges2.psc.edu,47,7,60,120,400,3,1e-07,0.5,3600,3600.113847732544,948.4635734558105,7476,8132.065813384954,3,6,8,11,17,18,19,20,21,22,25,26,27,28,38,44,45,52,54,55,58,61,62,63,66,69,71,77,82,91,98,99,100,103,107,108,122,125,127,128,130,131,132,134,135,140,141,142,143,145,147,148,151,152,156,157,159,162,168,169
r350.ib.bridges2.psc.edu,48,7,60,120,400,3,1e-07,0.5,3600,3600.109590291977,2284.448417663574,18291,8143.360737226559,3,6,8,11,17,18,19,20,21,22,23,24,28,42,44,52,54,55,58,61,62,63,66,69,71,77,78,82,91,98,99,100,103,107,108,122,125,127,128,130,131,132,134,135,140,141,142,143,145,147,148,151,152,156,157,159,162,164,168,169
r350.ib.bridges2.psc.edu,49,7,60,120,400,3,1e-07,0.5,3600,3600.072722673416,3597.7820749282837,29785,8131.759474646422,3,6,8,11,17,18,19,20,21,22,26,27,28,38,43,44,45,52,54,55,58,61,62,63,66,69,71,77,82,91,98,99,100,103,107,108,123,125,127,128,130,131,132,134,135,140,141,142,143,145,147,148,151,152,156,157,159,162,168,169
r350.ib.bridges2.psc.edu,50,7,60,120,400,3,1e-07,0.5,3600,3600.14208316803,980.077570438385,7526,8047.516444810972,3,6,8,11,17,18,19,20,21,22,23,25,26,27,28,38,44,45,52,54,55,58,61,62,63,66,69,71,77,78,82,98,100,103,107,108,122,125,127,128,130,131,132,140,141,142,143,145,147,148,151,152,156,157,159,162,164,167,169,170
r350.ib.bridges2.psc.edu,51,7,60,120,400,3,1e-07,0.5,3600,3600.0113048553467,2907.969235420227,23262,8143.3607372265615,3,6,8,11,17,18,19,20,21,22,23,24,28,42,44,52,54,55,58,61,62,63,66,69,71,77,78,82,91,98,99,100,103,107,108,122,125,127,128,130,131,132,134,135,140,141,142,143,145,147,148,151,152,156,157,159,162,164,168,169
r350.ib.bridges2.psc.edu,52,7,60,120,400,3,1e-07,0.5,3600,3600.071986436844,1534.3723685741425,12081,8133.204218723994,3,6,8,11,17,18,19,20,21,22,23,26,27,28,38,44,45,52,54,55,58,61,62,63,66,69,71,77,82,91,98,99,100,103,107,108,122,125,127,128,130,131,132,134,135,140,141,142,143,145,147,148,151,152,156,157,159,162,168,169
r350.ib.bridges2.psc.edu,53,7,60,120,400,3,1e-07,0.5,3600,3600.072993040085,1313.5007090568542,10323,8047.661698478557,3,6,8,11,17,18,19,20,21,22,23,25,26,27,28,38,43,44,45,52,54,55,58,61,62,63,66,69,71,77,78,82,98,100,103,107,108,122,125,127,128,130,131,132,140,141,142,143,145,147,148,151,152,156,157,159,162,167,169,170
r350.ib.bridges2.psc.edu,54,7,60,120,400,3,1e-07,0.5,3600,3600.130316734314,1384.2738997936249,10742,8133.204218723994,3,6,8,11,17,18,19,20,21,22,23,26,27,28,38,44,45,52,54,55,58,61,62,63,66,69,71,77,82,91,98,99,100,103,107,108,122,125,127,128,130,131,132,134,135,140,141,142,143,145,147,148,151,152,156,157,159,162,168,169
r350.ib.bridges2.psc.edu,55,7,60,120,400,3,1e-07,0.5,3600,3600.162724494934,3167.0031208992004,25771,8133.204218723994,3,6,8,11,17,18,19,20,21,22,23,26,27,28,38,44,45,52,54,55,58,61,62,63,66,69,71,77,82,91,98,99,100,103,107,108,122,125,127,128,130,131,132,134,135,140,141,142,143,145,147,148,151,152,156,157,159,162,168,169
r350.ib.bridges2.psc.edu,56,7,60,120,400,3,1e-07,0.5,3600,3600.0018243789673,1563.2358582019806,12284,8143.36073722656,3,6,8,11,17,18,19,20,21,22,23,24,28,42,44,52,54,55,58,61,62,63,66,69,71,77,78,82,91,98,99,100,103,107,108,122,125,127,128,130,131,132,134,135,140,141,142,143,145,147,148,151,152,156,157,159,162,164,168,169
r350.ib.bridges2.psc.edu,57,7,60,120,400,3,1e-07,0.5,3600,3600.0545830726624,1872.9694664478302,14983,8133.204218723994,3,6,8,11,17,18,19,20,21,22,23,26,27,28,38,44,45,52,54,55,58,61,62,63,66,69,71,77,82,91,98,99,100,103,107,108,122,125,127,128,130,131,132,134,135,140,141,142,143,145,147,148,151,152,156,157,159,162,168,169
r350.ib.bridges2.psc.edu,58,7,60,120,400,3,1e-07,0.5,3600,3600.015301465988,2699.000061750412,21450,8142.3642816757265,3,6,8,11,17,18,19,20,21,22,23,28,29,42,44,52,54,55,58,61,62,63,66,69,71,77,78,82,91,98,99,100,103,107,108,122,125,127,128,130,131,132,134,135,140,141,142,143,145,147,148,151,152,156,157,159,162,164,168,169
r350.ib.bridges2.psc.edu,59,7,60,120,400,3,1e-07,0.5,3600,3600.148337364197,2634.0301175117493,20996,8132.065813384955,3,6,8,11,17,18,19,20,21,22,25,26,27,28,38,44,45,52,54,55,58,61,62,63,66,69,71,77,82,91,98,99,100,103,107,108,122,125,127,128,130,131,132,134,135,140,141,142,143,145,147,148,151,152,156,157,159,162,168,169
r350.ib.bridges2.psc.edu,60,7,60,120,400,3,1e-07,0.5,3600,3600.1057720184326,1283.5586738586426,9833,8143.360737226561,3,6,8,11,17,18,19,20,21,22,23,24,28,42,44,52,54,55,58,61,62,63,66,69,71,77,78,82,91,98,99,100,103,107,108,122,125,127,128,130,131,132,134,135,140,141,142,143,145,147,148,151,152,156,157,159,162,164,168,169
r350.ib.bridges2.psc.edu,61,7,60,120,400,3,1e-07,0.5,3600,3600.0528099536896,3508.114953994751,28470,8133.204218723993,3,6,8,11,17,18,19,20,21,22,23,26,27,28,38,44,45,52,54,55,58,61,62,63,66,69,71,77,82,91,98,99,100,103,107,108,122,125,127,128,130,131,132,134,135,140,141,142,143,145,147,148,151,152,156,157,159,162,168,169
r350.ib.bridges2.psc.edu,62,7,60,120,400,3,1e-07,0.5,3600,3600.1229677200317,2206.172663450241,17734,8143.197888414613,3,6,8,11,17,18,19,20,21,22,23,24,28,42,44,52,54,55,58,61,62,63,66,69,71,77,78,82,91,98,99,100,103,107,108,123,125,127,128,130,131,132,134,135,140,141,142,143,145,147,148,151,152,156,157,159,162,164,168,169
r350.ib.bridges2.psc.edu,63,7,60,120,400,3,1e-07,0.5,3600,3600.157844543457,1585.4547033309937,12390,8132.065813384956,3,6,8,11,17,18,19,20,21,22,25,26,27,28,38,44,45,52,54,55,58,61,62,63,66,69,71,77,82,91,98,99,100,103,107,108,122,125,127,128,130,131,132,134,135,140,141,142,143,145,147,148,151,152,156,157,159,162,168,169
r350.ib.bridges2.psc.edu,64,7,60,120,400,3,1e-07,0.5,3600,3600.1519136428833,1279.886593580246,9916,8133.204218723994,3,6,8,11,17,18,19,20,21,22,23,26,27,28,38,44,45,52,54,55,58,61,62,63,66,69,71,77,82,91,98,99,100,103,107,108,122,125,127,128,130,131,132,134,135,140,141,142,143,145,147,148,151,152,156,157,159,162,168,169
r350.ib.bridges2.psc.edu,65,7,60,120,400,3,1e-07,0.5,3600,3600.1732399463654,3122.9729990959167,24706,8130.706182734644,3,6,8,11,17,18,19,20,21,22,23,25,26,27,28,38,44,45,52,54,55,58,61,62,66,69,71,77,82,91,98,99,100,103,107,108,122,125,127,128,130,131,132,134,135,140,141,142,143,145,147,148,151,152,156,157,159,162,168,169
r350.ib.bridges2.psc.edu,66,7,60,120,400,3,1e-07,0.5,3600,3600.017256498337,2221.587917327881,17823,8040.595883093958,3,6,8,11,17,18,19,20,21,22,23,25,28,29,42,43,44,52,54,55,58,61,62,63,66,69,71,77,78,82,92,98,100,103,107,108,122,125,127,128,130,131,132,140,141,142,143,145,147,148,151,152,156,157,159,162,164,167,169,170
r350.ib.bridges2.psc.edu,67,7,60,120,400,3,1e-07,0.5,3600,3600.02819275856,1621.7172405719757,12957,8130.706182734643,3,6,8,11,17,18,19,20,21,22,23,25,26,27,28,38,44,45,52,54,55,58,61,62,66,69,71,77,82,91,98,99,100,103,107,108,122,125,127,128,130,131,132,134,135,140,141,142,143,145,147,148,151,152,156,157,159,162,168,169
r350.ib.bridges2.psc.edu,68,7,60,120,400,3,1e-07,0.5,3600,3600.067862033844,629.4613194465637,4679,8047.457920140135,3,6,8,11,17,18,19,20,21,22,23,25,26,27,28,38,43,44,45,52,54,55,58,61,62,63,66,69,71,77,78,82,98,100,103,107,108,123,125,127,128,130,131,132,140,141,142,143,145,147,148,151,152,156,157,159,162,167,169,170
r350.ib.bridges2.psc.edu,69,7,60,120,400,3,1e-07,0.5,3600,3600.0686304569244,678.7404067516327,5258,8138.457917082647,3,6,8,11,17,18,19,20,22,23,25,28,29,42,44,52,54,55,58,61,62,63,66,69,71,77,78,82,91,98,99,100,103,107,108,122,125,127,128,130,131,132,134,135,140,141,142,143,145,147,148,151,152,156,157,159,162,164,168,169
r350.ib.bridges2.psc.edu,70,7,60,120,400,3,1e-07,0.5,3600,3600.017683506012,2119.7350618839264,17044,8133.204218723992,3,6,8,11,17,18,19,20,21,22,23,26,27,28,38,44,45,52,54,55,58,61,62,63,66,69,71,77,82,91,98,99,100,103,107,108,122,125,127,128,130,131,132,134,135,140,141,142,143,145,147,148,151,152,156,157,159,162,168,169
r350.ib.bridges2.psc.edu,71,7,60,120,400,3,1e-07,0.5,3600,3600.0744004249573,1279.4402513504028,9793,8143.360737226561,3,6,8,11,17,18,19,20,21,22,23,24,28,42,44,52,54,55,58,61,62,63,66,69,71,77,78,82,91,98,99,100,103,107,108,122,125,127,128,130,131,132,134,135,140,141,142,143,145,147,148,151,152,156,157,159,162,164,168,169
r350.ib.bridges2.psc.edu,72,7,60,120,400,3,1e-07,0.5,3600,3600.0688388347626,3000.4948427677155,24341,8132.065813384956,3,6,8,11,17,18,19,20,21,22,25,26,27,28,38,44,45,52,54,55,58,61,62,63,66,69,71,77,82,91,98,99,100,103,107,108,122,125,127,128,130,131,132,134,135,140,141,142,143,145,147,148,151,152,156,157,159,162,168,169
r350.ib.bridges2.psc.edu,73,7,60,120,400,3,1e-07,0.5,3600,3600.1172721385956,904.4772720336914,6743,8132.065813384956,3,6,8,11,17,18,19,20,21,22,25,26,27,28,38,44,45,52,54,55,58,61,62,63,66,69,71,77,82,91,98,99,100,103,107,108,122,125,127,128,130,131,132,134,135,140,141,142,143,145,147,148,151,152,156,157,159,162,168,169
r350.ib.bridges2.psc.edu,74,7,60,120,400,3,1e-07,0.5,3600,3600.151032924652,1650.0595118999481,13220,8047.661698478559,3,6,8,11,17,18,19,20,21,22,23,25,26,27,28,38,43,44,45,52,54,55,58,61,62,63,66,69,71,77,78,82,98,100,103,107,108,122,125,127,128,130,131,132,140,141,142,143,145,147,148,151,152,156,157,159,162,167,169,170
r350.ib.bridges2.psc.edu,75,7,60,120,400,3,1e-07,0.5,3600,3600.0581393241882,1831.889708518982,14518,8133.204218723993,3,6,8,11,17,18,19,20,21,22,23,26,27,28,38,44,45,52,54,55,58,61,62,63,66,69,71,77,82,91,98,99,100,103,107,108,122,125,127,128,130,131,132,134,135,140,141,142,143,145,147,148,151,152,156,157,159,162,168,169
r350.ib.bridges2.psc.edu,76,7,60,120,400,3,1e-07,0.5,3600,3600.117686033249,2488.8160395622253,20051,8133.204218723994,3,6,8,11,17,18,19,20,21,22,23,26,27,28,38,44,45,52,54,55,58,61,62,63,66,69,71,77,82,91,98,99,100,103,107,108,122,125,127,128,130,131,132,134,135,140,141,142,143,145,147,148,151,152,156,157,159,162,168,169
r350.ib.bridges2.psc.edu,77,7,60,120,400,3,1e-07,0.5,3600,3600.013693332672,1455.211884021759,11324,8132.065813384956,3,6,8,11,17,18,19,20,21,22,25,26,27,28,38,44,45,52,54,55,58,61,62,63,66,69,71,77,82,91,98,99,100,103,107,108,122,125,127,128,130,131,132,134,135,140,141,142,143,145,147,148,151,152,156,157,159,162,168,169
r350.ib.bridges2.psc.edu,78,7,60,120,400,3,1e-07,0.5,3600,3600.145087957382,1609.3160121440887,12546,8133.204218723993,3,6,8,11,17,18,19,20,21,22,23,26,27,28,38,44,45,52,54,55,58,61,62,63,66,69,71,77,82,91,98,99,100,103,107,108,122,125,127,128,130,131,132,134,135,140,141,142,143,145,147,148,151,152,156,157,159,162,168,169
r350.ib.bridges2.psc.edu,79,7,60,120,400,3,1e-07,0.5,3600,3600.002433538437,1797.186520576477,14075,8133.204218723995,3,6,8,11,17,18,19,20,21,22,23,26,27,28,38,44,45,52,54,55,58,61,62,63,66,69,71,77,82,91,98,99,100,103,107,108,122,125,127,128,130,131,132,134,135,140,141,142,143,145,147,148,151,152,156,157,159,162,168,169
r350.ib.bridges2.psc.edu,80,7,60,120,400,3,1e-07,0.5,3600,3600.071844816208,1634.5229432582855,12823,8133.204218723993,3,6,8,11,17,18,19,20,21,22,23,26,27,28,38,44,45,52,54,55,58,61,62,63,66,69,71,77,82,91,98,99,100,103,107,108,122,125,127,128,130,131,132,134,135,140,141,142,143,145,147,148,151,152,156,157,159,162,168,169
r350.ib.bridges2.psc.edu,81,7,60,120,400,3,1e-07,0.5,3600,3600.090159893036,1411.1684730052948,10889,8133.204218723993,3,6,8,11,17,18,19,20,21,22,23,26,27,28,38,44,45,52,54,55,58,61,62,63,66,69,71,77,82,91,98,99,100,103,107,108,122,125,127,128,130,131,132,134,135,140,141,142,143,145,147,148,151,152,156,157,159,162,168,169
r350.ib.bridges2.psc.edu,82,7,60,120,400,3,1e-07,0.5,3600,3600.057364463806,1923.2226030826569,15096,8130.706182734643,3,6,8,11,17,18,19,20,21,22,23,25,26,27,28,38,44,45,52,54,55,58,61,62,66,69,71,77,82,91,98,99,100,103,107,108,122,125,127,128,130,131,132,134,135,140,141,142,143,145,147,148,151,152,156,157,159,162,168,169
r350.ib.bridges2.psc.edu,83,7,60,120,400,3,1e-07,0.5,3600,3600.0131294727325,1751.9017436504364,13641,8045.920585416346,3,6,8,11,17,18,19,20,21,22,23,26,27,28,38,43,44,45,52,54,55,58,61,62,63,66,69,71,77,78,82,98,100,103,107,108,122,125,127,128,130,131,132,140,141,142,143,145,147,148,151,152,156,157,159,162,164,167,169,170
r350.ib.bridges2.psc.edu,84,7,60,120,400,3,1e-07,0.5,3600,3600.0533633232117,968.6664426326752,7369,8143.3607372265615,3,6,8,11,17,18,19,20,21,22,23,24,28,42,44,52,54,55,58,61,62,63,66,69,71,77,78,82,91,98,99,100,103,107,108,122,125,127,128,130,131,132,134,135,140,141,142,143,145,147,148,151,152,156,157,159,162,164,168,169
r350.ib.bridges2.psc.edu,85,7,60,120,400,3,1e-07,0.5,3600,3600.000169992447,1967.7232711315155,15730,8047.516444810973,3,6,8,11,17,18,19,20,21,22,23,25,26,27,28,38,44,45,52,54,55,58,61,62,63,66,69,71,77,78,82,98,100,103,107,108,122,125,127,128,130,131,132,140,141,142,143,145,147,148,151,152,156,157,159,162,164,167,169,170
r350.ib.bridges2.psc.edu,86,7,60,120,400,3,1e-07,0.5,3600,3600.0908768177032,3135.4660148620605,25768,8132.065813384956,3,6,8,11,17,18,19,20,21,22,25,26,27,28,38,44,45,52,54,55,58,61,62,63,66,69,71,77,82,91,98,99,100,103,107,108,122,125,127,128,130,131,132,134,135,140,141,142,143,145,147,148,151,152,156,157,159,162,168,169
r350.ib.bridges2.psc.edu,87,7,60,120,400,3,1e-07,0.5,3600,3600.072010040283,2234.7045998573303,18016,8040.595883093958,3,6,8,11,17,18,19,20,21,22,23,25,28,29,42,43,44,52,54,55,58,61,62,63,66,69,71,77,78,82,92,98,100,103,107,108,122,125,127,128,130,131,132,140,141,142,143,145,147,148,151,152,156,157,159,162,164,167,169,170
r350.ib.bridges2.psc.edu,88,7,60,120,400,3,1e-07,0.5,3600,3600.0132999420166,1216.1981630325317,9320,8133.204218723991,3,6,8,11,17,18,19,20,21,22,23,26,27,28,38,44,45,52,54,55,58,61,62,63,66,69,71,77,82,91,98,99,100,103,107,108,122,125,127,128,130,131,132,134,135,140,141,142,143,145,147,148,151,152,156,157,159,162,168,169
r350.ib.bridges2.psc.edu,89,7,60,120,400,3,1e-07,0.5,3600,3600.134202480316,2263.244526386261,18146,8133.204218723993,3,6,8,11,17,18,19,20,21,22,23,26,27,28,38,44,45,52,54,55,58,61,62,63,66,69,71,77,82,91,98,99,100,103,107,108,122,125,127,128,130,131,132,134,135,140,141,142,143,145,147,148,151,152,156,157,159,162,168,169
r350.ib.bridges2.psc.edu,90,7,60,120,400,3,1e-07,0.5,3600,3600.0129673480988,3164.1165812015533,25775,8133.204218723993,3,6,8,11,17,18,19,20,21,22,23,26,27,28,38,44,45,52,54,55,58,61,62,63,66,69,71,77,82,91,98,99,100,103,107,108,122,125,127,128,130,131,132,134,135,140,141,142,143,145,147,148,151,152,156,157,159,162,168,169
r350.ib.bridges2.psc.edu,91,7,60,120,400,3,1e-07,0.5,3600,3600.0999426841736,2972.409741163254,24082,8040.59588309396,3,6,8,11,17,18,19,20,21,22,23,25,28,29,42,43,44,52,54,55,58,61,62,63,66,69,71,77,78,82,92,98,100,103,107,108,122,125,127,128,130,131,132,140,141,142,143,145,147,148,151,152,156,157,159,162,164,167,169,170
r350.ib.bridges2.psc.edu,92,7,60,120,400,3,1e-07,0.5,3600,3600.121613740921,3326.4278602600098,26834,8131.963661030375,3,6,8,11,17,18,19,20,21,22,26,27,28,38,43,44,45,52,54,55,58,61,62,63,66,69,71,77,82,91,98,99,100,103,107,108,122,125,127,128,130,131,132,134,135,140,141,142,143,145,147,148,151,152,156,157,159,162,168,169
r350.ib.bridges2.psc.edu,93,7,60,120,400,3,1e-07,0.5,3600,3600.10639834404,2881.1754841804504,22946,8143.360737226561,3,6,8,11,17,18,19,20,21,22,23,24,28,42,44,52,54,55,58,61,62,63,66,69,71,77,78,82,91,98,99,100,103,107,108,122,125,127,128,130,131,132,134,135,140,141,142,143,145,147,148,151,152,156,157,159,162,164,168,169
r350.ib.bridges2.psc.edu,94,7,60,120,400,3,1e-07,0.5,3600,3600.0913560390472,2973.7786083221436,24288,8143.327061077258,3,6,8,11,17,18,19,20,21,22,23,28,42,43,44,52,54,55,58,61,62,63,66,69,71,77,78,82,91,98,99,100,103,107,108,122,125,127,128,130,131,132,134,135,140,141,142,143,145,147,148,151,152,156,157,159,162,164,168,169
r350.ib.bridges2.psc.edu,95,7,60,120,400,3,1e-07,0.5,3600,3600.0296654701233,602.418740272522,4398,8133.204218723991,3,6,8,11,17,18,19,20,21,22,23,26,27,28,38,44,45,52,54,55,58,61,62,63,66,69,71,77,82,91,98,99,100,103,107,108,122,125,127,128,130,131,132,134,135,140,141,142,143,145,147,148,151,152,156,157,159,162,168,169
r350.ib.bridges2.psc.edu,96,7,60,120,400,3,1e-07,0.5,3600,3600.068215608597,1203.3637566566467,9352,8133.204218723993,3,6,8,11,17,18,19,20,21,22,23,26,27,28,38,44,45,52,54,55,58,61,62,63,66,69,71,77,82,91,98,99,100,103,107,108,122,125,127,128,130,131,132,134,135,140,141,142,143,145,147,148,151,152,156,157,159,162,168,169
r350.ib.bridges2.psc.edu,97,7,60,120,400,3,1e-07,0.5,3600,3600.182123184204,3457.158623456955,28232,8131.963661030375,3,6,8,11,17,18,19,20,21,22,26,27,28,38,43,44,45,52,54,55,58,61,62,63,66,69,71,77,82,91,98,99,100,103,107,108,122,125,127,128,130,131,132,134,135,140,141,142,143,145,147,148,151,152,156,157,159,162,168,169
r350.ib.bridges2.psc.edu,98,7,60,120,400,3,1e-07,0.5,3600,3600.044741868973,1821.1057155132294,14420,8133.204218723993,3,6,8,11,17,18,19,20,21,22,23,26,27,28,38,44,45,52,54,55,58,61,62,63,66,69,71,77,82,91,98,99,100,103,107,108,122,125,127,128,130,131,132,134,135,140,141,142,143,145,147,148,151,152,156,157,159,162,168,169
r350.ib.bridges2.psc.edu,99,7,60,120,400,3,1e-07,0.5,3600,3600.091936349869,3592.469068288803,28908,8143.36073722656,3,6,8,11,17,18,19,20,21,22,23,24,28,42,44,52,54,55,58,61,62,63,66,69,71,77,78,82,91,98,99,100,103,107,108,122,125,127,128,130,131,132,134,135,140,141,142,143,145,147,148,151,152,156,157,159,162,164,168,169
r350.ib.bridges2.psc.edu,100,7,60,120,400,3,1e-07,0.5,3600,3600.10044670105,1242.8821215629578,9656,8047.661698478556,3,6,8,11,17,18,19,20,21,22,23,25,26,27,28,38,43,44,45,52,54,55,58,61,62,63,66,69,71,77,78,82,98,100,103,107,108,122,125,127,128,130,131,132,140,141,142,143,145,147,148,151,152,156,157,159,162,167,169,170
r350.ib.bridges2.psc.edu,101,7,60,120,400,3,1e-07,0.5,3600,3600.0948066711426,2019.9589309692383,15817,8133.204218723991,3,6,8,11,17,18,19,20,21,22,23,26,27,28,38,44,45,52,54,55,58,61,62,63,66,69,71,77,82,91,98,99,100,103,107,108,122,125,127,128,130,131,132,134,135,140,141,142,143,145,147,148,151,152,156,157,159,162,168,169
r350.ib.bridges2.psc.edu,102,7,60,120,400,3,1e-07,0.5,3600,3600.070807695389,2237.0803711414337,18198,8047.661698478557,3,6,8,11,17,18,19,20,21,22,23,25,26,27,28,38,43,44,45,52,54,55,58,61,62,63,66,69,71,77,78,82,98,100,103,107,108,122,125,127,128,130,131,132,140,141,142,143,145,147,148,151,152,156,157,159,162,167,169,170
r350.ib.bridges2.psc.edu,103,7,60,120,400,3,1e-07,0.5,3600,3600.131945371628,3112.1150403022766,25590,8040.595883093958,3,6,8,11,17,18,19,20,21,22,23,25,28,29,42,43,44,52,54,55,58,61,62,63,66,69,71,77,78,82,92,98,100,103,107,108,122,125,127,128,130,131,132,140,141,142,143,145,147,148,151,152,156,157,159,162,164,167,169,170
r350.ib.bridges2.psc.edu,104,7,60,120,400,3,1e-07,0.5,3600,3600.0307352542877,3463.4165954589844,28306,8133.204218723994,3,6,8,11,17,18,19,20,21,22,23,26,27,28,38,44,45,52,54,55,58,61,62,63,66,69,71,77,82,91,98,99,100,103,107,108,122,125,127,128,130,131,132,134,135,140,141,142,143,145,147,148,151,152,156,157,159,162,168,169
r350.ib.bridges2.psc.edu,105,7,60,120,400,3,1e-07,0.5,3600,3600.1354265213013,1164.5769605636597,8972,8133.204218723993,3,6,8,11,17,18,19,20,21,22,23,26,27,28,38,44,45,52,54,55,58,61,62,63,66,69,71,77,82,91,98,99,100,103,107,108,122,125,127,128,130,131,132,134,135,140,141,142,143,145,147,148,151,152,156,157,159,162,168,169
r350.ib.bridges2.psc.edu,106,7,60,120,400,3,1e-07,0.5,3600,3600.0170316696167,1814.6151893138885,14313,8133.204218723994,3,6,8,11,17,18,19,20,21,22,23,26,27,28,38,44,45,52,54,55,58,61,62,63,66,69,71,77,82,91,98,99,100,103,107,108,122,125,127,128,130,131,132,134,135,140,141,142,143,145,147,148,151,152,156,157,159,162,168,169
r350.ib.bridges2.psc.edu,107,7,60,120,400,3,1e-07,0.5,3600,3600.0729439258575,2647.138930082321,21197,8126.429360937148,3,6,8,11,17,18,19,20,21,22,25,26,27,28,38,44,45,52,54,55,58,61,62,63,66,69,71,77,78,91,98,99,100,103,107,108,123,125,127,128,130,131,132,134,135,140,141,142,143,145,147,148,151,152,156,157,159,162,168,169
r350.ib.bridges2.psc.edu,108,7,60,120,400,3,1e-07,0.5,3600,3600.0478291511536,2383.133442401886,19119,8131.861627001001,3,6,8,11,17,18,19,20,21,22,25,26,27,28,38,44,45,52,54,55,58,61,62,63,66,69,71,77,82,91,98,99,100,103,107,108,123,125,127,128,130,131,132,134,135,140,141,142,143,145,147,148,151,152,156,157,159,162,168,169
r350.ib.bridges2.psc.edu,109,7,60,120,400,3,1e-07,0.5,3600,3600.047144651413,2428.680994272232,19407,8133.204218723993,3,6,8,11,17,18,19,20,21,22,23,26,27,28,38,44,45,52,54,55,58,61,62,63,66,69,71,77,82,91,98,99,100,103,107,108,122,125,127,128,130,131,132,134,135,140,141,142,143,145,147,148,151,152,156,157,159,162,168,169
r350.ib.bridges2.psc.edu,110,7,60,120,400,3,1e-07,0.5,3600,3600.025310277939,1974.342012166977,15968,8133.204218723993,3,6,8,11,17,18,19,20,21,22,23,26,27,28,38,44,45,52,54,55,58,61,62,63,66,69,71,77,82,91,98,99,100,103,107,108,122,125,127,128,130,131,132,134,135,140,141,142,143,145,147,148,151,152,156,157,159,162,168,169
r350.ib.bridges2.psc.edu,111,7,60,120,400,3,1e-07,0.5,3600,3600.1308019161224,719.2606823444366,5472,8133.204218723993,3,6,8,11,17,18,19,20,21,22,23,26,27,28,38,44,45,52,54,55,58,61,62,63,66,69,71,77,82,91,98,99,100,103,107,108,122,125,127,128,130,131,132,134,135,140,141,142,143,145,147,148,151,152,156,157,159,162,168,169
r350.ib.bridges2.psc.edu,112,7,60,120,400,3,1e-07,0.5,3600,3600.1202359199524,2844.320643901825,22768,8143.36073722656,3,6,8,11,17,18,19,20,21,22,23,24,28,42,44,52,54,55,58,61,62,63,66,69,71,77,78,82,91,98,99,100,103,107,108,122,125,127,128,130,131,132,134,135,140,141,142,143,145,147,148,151,152,156,157,159,162,164,168,169
r350.ib.bridges2.psc.edu,113,7,60,120,400,3,1e-07,0.5,3600,3600.049457550049,3168.7787878513336,25563,8133.204218723994,3,6,8,11,17,18,19,20,21,22,23,26,27,28,38,44,45,52,54,55,58,61,62,63,66,69,71,77,82,91,98,99,100,103,107,108,122,125,127,128,130,131,132,134,135,140,141,142,143,145,147,148,151,152,156,157,159,162,168,169
r350.ib.bridges2.psc.edu,114,7,60,120,400,3,1e-07,0.5,3600,3600.029597759247,2141.8438863754272,16979,8132.065813384956,3,6,8,11,17,18,19,20,21,22,25,26,27,28,38,44,45,52,54,55,58,61,62,63,66,69,71,77,82,91,98,99,100,103,107,108,122,125,127,128,130,131,132,134,135,140,141,142,143,145,147,148,151,152,156,157,159,162,168,169
r350.ib.bridges2.psc.edu,115,7,60,120,400,3,1e-07,0.5,3600,3600.0343945026398,2772.037071943283,22304,8131.861627001001,3,6,8,11,17,18,19,20,21,22,25,26,27,28,38,44,45,52,54,55,58,61,62,63,66,69,71,77,82,91,98,99,100,103,107,108,123,125,127,128,130,131,132,134,135,140,141,142,143,145,147,148,151,152,156,157,159,162,168,169
r350.ib.bridges2.psc.edu,116,7,60,120,400,3,1e-07,0.5,3600,3600.0242433547974,1563.51952958107,12037,8047.661698478558,3,6,8,11,17,18,19,20,21,22,23,25,26,27,28,38,43,44,45,52,54,55,58,61,62,63,66,69,71,77,78,82,98,100,103,107,108,122,125,127,128,130,131,132,140,141,142,143,145,147,148,151,152,156,157,159,162,167,169,170
r350.ib.bridges2.psc.edu,117,7,60,120,400,3,1e-07,0.5,3600,3600.0489172935486,3169.2084205150604,26171,8143.327061077259,3,6,8,11,17,18,19,20,21,22,23,28,42,43,44,52,54,55,58,61,62,63,66,69,71,77,78,82,91,98,99,100,103,107,108,122,125,127,128,130,131,132,134,135,140,141,142,143,145,147,148,151,152,156,157,159,162,164,168,169
r350.ib.bridges2.psc.edu,118,7,60,120,400,3,1e-07,0.5,3600,3600.006031036377,2421.0512413978577,19660,8132.065813384954,3,6,8,11,17,18,19,20,21,22,25,26,27,28,38,44,45,52,54,55,58,61,62,63,66,69,71,77,82,91,98,99,100,103,107,108,122,125,127,128,130,131,132,134,135,140,141,142,143,145,147,148,151,152,156,157,159,162,168,169
r350.ib.bridges2.psc.edu,119,7,60,120,400,3,1e-07,0.5,3600,3600.101238965988,1334.5472557544708,10181,8133.000032340039,3,6,8,11,17,18,19,20,21,22,23,26,27,28,38,44,45,52,54,55,58,61,62,63,66,69,71,77,82,91,98,99,100,103,107,108,123,125,127,128,130,131,132,134,135,140,141,142,143,145,147,148,151,152,156,157,159,162,168,169
r350.ib.bridges2.psc.edu,120,7,60,120,400,3,1e-07,0.5,3600,3600.1217255592346,2047.3984079360962,16384,8143.327061077257,3,6,8,11,17,18,19,20,21,22,23,28,42,43,44,52,54,55,58,61,62,63,66,69,71,77,78,82,91,98,99,100,103,107,108,122,125,127,128,130,131,132,134,135,140,141,142,143,145,147,148,151,152,156,157,159,162,164,168,169
r350.ib.bridges2.psc.edu,121,7,60,120,400,3,1e-07,0.5,3600,3600.0882155895233,2360.81311583519,18680,8133.204218723993,3,6,8,11,17,18,19,20,21,22,23,26,27,28,38,44,45,52,54,55,58,61,62,63,66,69,71,77,82,91,98,99,100,103,107,108,122,125,127,128,130,131,132,134,135,140,141,142,143,145,147,148,151,152,156,157,159,162,168,169
r350.ib.bridges2.psc.edu,122,7,60,120,400,3,1e-07,0.5,3600,3600.0361790657043,1773.9125769138336,13981,8045.897821505666,3,6,8,11,17,18,19,20,21,22,23,25,26,27,28,38,42,44,45,52,54,55,58,61,62,63,66,69,71,77,78,82,98,100,103,107,108,122,125,127,128,130,131,132,140,141,142,143,145,147,148,151,152,156,157,159,162,167,169,170
r350.ib.bridges2.psc.edu,123,7,60,120,400,3,1e-07,0.5,3600,3600.0925798416138,1575.4051871299744,12539,8132.065813384954,3,6,8,11,17,18,19,20,21,22,25,26,27,28,38,44,45,52,54,55,58,61,62,63,66,69,71,77,82,91,98,99,100,103,107,108,122,125,127,128,130,131,132,134,135,140,141,142,143,145,147,148,151,152,156,157,159,162,168,169
r350.ib.bridges2.psc.edu,124,7,60,120,400,3,1e-07,0.5,3600,3600.0552501678467,1793.1385090351105,14468,8040.595883093957,3,6,8,11,17,18,19,20,21,22,23,25,28,29,42,43,44,52,54,55,58,61,62,63,66,69,71,77,78,82,92,98,100,103,107,108,122,125,127,128,130,131,132,140,141,142,143,145,147,148,151,152,156,157,159,162,164,167,169,170
r350.ib.bridges2.psc.edu,125,7,60,120,400,3,1e-07,0.5,3600,3600.099425315857,1393.2423558235168,10926,8045.897821505665,3,6,8,11,17,18,19,20,21,22,23,25,26,27,28,38,42,44,45,52,54,55,58,61,62,63,66,69,71,77,78,82,98,100,103,107,108,122,125,127,128,130,131,132,140,141,142,143,145,147,148,151,152,156,157,159,162,167,169,170
r350.ib.bridges2.psc.edu,126,7,60,120,400,3,1e-07,0.5,3600,3600.0212018489838,1400.56938123703,10841,8133.204218723995,3,6,8,11,17,18,19,20,21,22,23,26,27,28,38,44,45,52,54,55,58,61,62,63,66,69,71,77,82,91,98,99,100,103,107,108,122,125,127,128,130,131,132,134,135,140,141,142,143,145,147,148,151,152,156,157,159,162,168,169
r350.ib.bridges2.psc.edu,127,7,60,120,400,3,1e-07,0.5,3600,3600.0315923690796,2160.4523792266846,17177,8133.000032340038,3,6,8,11,17,18,19,20,21,22,23,26,27,28,38,44,45,52,54,55,58,61,62,63,66,69,71,77,82,91,98,99,100,103,107,108,123,125,127,128,130,131,132,134,135,140,141,142,143,145,147,148,151,152,156,157,159,162,168,169
